{
    "interactionModel": {
        "languageModel": {
            "invocationName": "tester",
            "intents": [
                {
                    "name": "AMAZON.CancelIntent",
                    "samples": []
                },
                {
                    "name": "AMAZON.HelpIntent",
                    "samples": []
                },
                {
                    "name": "AMAZON.StopIntent",
                    "samples": []
                },
                {
                    "name": "TestIntent",
                    "slots": [
                        {
                            "name": "goal",
                            "type": "AMAZON.Region"
                        }
                    ],
                    "samples": [
                        "Let's go to {goal}"
                    ]
                },

                {
                    "name": "EmergencyIntent",
                    "slots": [],
                    "samples": [
                        "Emergency Stop"
                    ]
                }
            ],
            "types": []
        }
    }
}
